{
    "cross-play": {
        "Metric:policy_reward_mean/player_col, Metric mode:avg": {
            "mean": 16.361227272727273,
            "raw_data": "[0.0, 20.0, 40.0, 40.0, 0.0, 20.0, 40.0, 40.0, 20.0, 40.0, 0.0, 20.0, 20.0, 20.0, 0.0, 0.0, 0.0, 0.0, 20.0, 40.0, 20.0, 0.0, 20.0, 20.0, 20.0, 40.0, 0.0, 20.0, 0.0, 0.0, 0.0, 40.0, 40.0, 0.0, 0.0, 0.0, 20.0, 40.0, 0.0, 20.0, 20.0, 40.0, 0.0, 0.0, 0.0, 40.0, 40.0, 40.0, 0.0, 0.0, 40.0, 0.0, 0.0, 20.0, 0.0, 0.0, 40.0, 0.0, 0.0, 0.0, 40.0, 20.0, 20.0, 0.0, 0.0, 0.0, 20.0, 40.0, 0.0, 20.0, 0.0, 0.0, 20.0, 0.0, 40.0, 0.0, 20.0, 0.0, 40.0, 0.0, 20.0, 20.0, 40.0, 0.0, 40.0, 0.0, 0.0, 40.0, 0.0, 0.0, 40.0, 40.0, 20.0, 0.0, 0.0, 0.0, 20.0, 40.0, 20.0, 20.0, 40.0, 20.0, 0.0, 0.0, 0.0, 0.0, 0.0, 20.0, 0.0, 0.0, 0.0, 20.0, 0.0, 0.0, 40.0, 0.0, 40.0, 40.0, 0.0, 20.0, 0.0, 0.0, 20.0, 0.0, 20.0, 20.0, 40.0, 40.0, 0.0, 40.0, 40.0, 40.0, 40.0, 0.0, 40.0, 20.0, 20.0, 20.0, 40.0, 40.0, 40.0, 0.0, 0.0, 0.0, 0.0, 0.0, 0.0, 0.0, 0.0, 20.0, 0.0, 20.0, 40.0, 40.0, 20.0, 20.0, 0.0, 20.0, 20.0, 0.0, 0.0, 20.0, 0.0, 20.0, 20.0, 20.0, 0.0, 40.0, 0.0, 40.0, 20.0, 40.0, 0.0, 20.0, 0.0, 40.0, 0.0, 40.0, 20.0, 0.0, 20.0, 0.0, 0.0, 26.49090909090909, 20.0, 0.0, 0.0, 0.0, 40.0, 0.0, 0.0, 0.0, 0.0, 0.0, 0.0, 40.0, 20.0, 40.0, 0.0, 20.0, 40.0, 0.0, 20.0, 20.0, 40.0, 40.0, 20.0, 0.0, 20.0, 40.0, 40.0, 40.0, 40.0, 0.0, 40.0, 40.0, 20.0, 20.0, 20.0, 0.0, 0.0, 0.0, 20.0, 20.0, 0.0, 0.0, 20.0, 40.0, 0.0, 40.0, 0.0, 20.0, 0.0, 40.0, 0.0, 0.0, 0.0, 0.0, 20.0, 40.0, 40.0, 0.0, 20.0, 0.0, 40.0, 40.0, 20.0, 40.0, 20.0, 0.0, 40.0, 20.0, 0.0, 40.0, 0.0, 0.0, 40.0, 40.0, 0.0, 20.0, 0.0, 40.0, 0.0, 20.0, 40.0, 40.0, 40.0, 0.0, 0.0, 20.0, 0.0, 40.0, 40.0, 20.0, 0.0, 20.0, 20.0, 40.0, 0.0, 40.0, 0.0, 0.0, 0.0, 20.0, 40.0, 0.0, 20.0, 40.0, 40.0, 40.0, 40.0, 20.0, 40.0, 20.0, 40.0, 0.0, 20.0, 0.0, 0.0, 0.0, 20.0, 0.0, 0.0, 20.0, 40.0, 0.0, 0.0, 0.0, 40.0, 0.0, 40.0, 20.0, 0.0, 20.0, 40.0, 0.0, 0.0, 20.0, 0.0, 0.0, 20.0, 20.0, 0.0, 20.0, 40.0, 20.0, 0.0, 0.0, 0.0, 40.0, 0.0, 0.0, 20.0, 20.0, 26.0, 0.0, 20.0, 20.0, 0.0, 40.0, 20.0, 0.0, 40.0, 0.0, 0.0, 0.0, 20.0, 0.0, 0.0, 20.0, 0.0, 40.0, 0.0, 40.0, 40.0, 40.0, 0.0, 20.0, 0.0, 26.0, 20.0, 0.0, 40.0, 20.0, 20.0, 0.0, 40.0, 20.0, 0.0, 0.0, 0.0, 40.0, 20.0, 40.0, 20.0, 0.0, 40.0, 40.0, 0.0, 0.0, 0.0, 0.0, 0.0, 0.0, 0.0, 0.0, 0.0, 20.0, 26.0, 40.0, 0.0, 20.0, 0.0, 20.0, 0.0, 40.0, 0.0, 20.0, 0.0, 20.0]",
            "std_err": 0.8263393110449883
        },
        "Metric:policy_reward_mean/player_row, Metric mode:avg": {
            "mean": 32.86122727272728,
            "raw_data": "[0.0, 80.0, 40.0, 40.0, 0.0, 80.0, 40.0, 40.0, 80.0, 40.0, 0.0, 80.0, 80.0, 80.0, 0.0, 0.0, 0.0, 0.0, 80.0, 40.0, 80.0, 0.0, 80.0, 80.0, 80.0, 40.0, 0.0, 80.0, 0.0, 0.0, 0.0, 40.0, 40.0, 0.0, 0.0, 0.0, 80.0, 40.0, 0.0, 80.0, 80.0, 40.0, 0.0, 0.0, 0.0, 40.0, 40.0, 40.0, 0.0, 0.0, 40.0, 0.0, 0.0, 80.0, 0.0, 0.0, 40.0, 0.0, 0.0, 0.0, 40.0, 80.0, 80.0, 0.0, 0.0, 0.0, 80.0, 40.0, 0.0, 80.0, 0.0, 0.0, 80.0, 0.0, 40.0, 0.0, 80.0, 0.0, 40.0, 0.0, 80.0, 80.0, 40.0, 0.0, 40.0, 0.0, 0.0, 40.0, 0.0, 0.0, 40.0, 40.0, 80.0, 0.0, 0.0, 0.0, 80.0, 40.0, 80.0, 80.0, 40.0, 80.0, 0.0, 0.0, 0.0, 0.0, 0.0, 80.0, 0.0, 0.0, 0.0, 80.0, 0.0, 0.0, 40.0, 0.0, 40.0, 40.0, 0.0, 80.0, 0.0, 0.0, 80.0, 0.0, 80.0, 80.0, 40.0, 40.0, 0.0, 40.0, 40.0, 40.0, 40.0, 0.0, 40.0, 80.0, 80.0, 80.0, 40.0, 40.0, 40.0, 0.0, 0.0, 0.0, 0.0, 0.0, 0.0, 0.0, 0.0, 80.0, 0.0, 80.0, 40.0, 40.0, 80.0, 80.0, 0.0, 80.0, 80.0, 0.0, 0.0, 80.0, 0.0, 80.0, 80.0, 80.0, 0.0, 40.0, 0.0, 40.0, 80.0, 40.0, 0.0, 80.0, 0.0, 40.0, 0.0, 40.0, 80.0, 0.0, 80.0, 0.0, 0.0, 26.49090909090909, 80.0, 0.0, 0.0, 0.0, 40.0, 0.0, 0.0, 0.0, 0.0, 0.0, 0.0, 40.0, 80.0, 40.0, 0.0, 80.0, 40.0, 0.0, 80.0, 80.0, 40.0, 40.0, 80.0, 0.0, 80.0, 40.0, 40.0, 40.0, 40.0, 0.0, 40.0, 40.0, 80.0, 80.0, 80.0, 0.0, 0.0, 0.0, 80.0, 80.0, 0.0, 0.0, 80.0, 40.0, 0.0, 40.0, 0.0, 80.0, 0.0, 40.0, 0.0, 0.0, 0.0, 0.0, 80.0, 40.0, 40.0, 0.0, 80.0, 0.0, 40.0, 40.0, 80.0, 40.0, 80.0, 0.0, 40.0, 80.0, 0.0, 40.0, 0.0, 0.0, 40.0, 40.0, 0.0, 80.0, 0.0, 40.0, 0.0, 80.0, 40.0, 40.0, 40.0, 0.0, 0.0, 80.0, 0.0, 40.0, 40.0, 80.0, 0.0, 80.0, 80.0, 40.0, 0.0, 40.0, 0.0, 0.0, 0.0, 80.0, 40.0, 0.0, 80.0, 40.0, 40.0, 40.0, 40.0, 80.0, 40.0, 80.0, 40.0, 0.0, 80.0, 0.0, 0.0, 0.0, 80.0, 0.0, 0.0, 80.0, 40.0, 0.0, 0.0, 0.0, 40.0, 0.0, 40.0, 80.0, 0.0, 80.0, 40.0, 0.0, 0.0, 80.0, 0.0, 0.0, 80.0, 80.0, 0.0, 80.0, 40.0, 80.0, 0.0, 0.0, 0.0, 40.0, 0.0, 0.0, 80.0, 80.0, 26.0, 0.0, 80.0, 80.0, 0.0, 40.0, 80.0, 0.0, 40.0, 0.0, 0.0, 0.0, 80.0, 0.0, 0.0, 80.0, 0.0, 40.0, 0.0, 40.0, 40.0, 40.0, 0.0, 80.0, 0.0, 26.0, 80.0, 0.0, 40.0, 80.0, 80.0, 0.0, 40.0, 80.0, 0.0, 0.0, 0.0, 40.0, 80.0, 40.0, 80.0, 0.0, 40.0, 40.0, 0.0, 0.0, 0.0, 0.0, 0.0, 0.0, 0.0, 0.0, 0.0, 80.0, 26.0, 40.0, 0.0, 80.0, 0.0, 80.0, 0.0, 40.0, 0.0, 80.0, 0.0, 80.0]",
            "std_err": 1.666556451782629
        }
    },
    "self-play": {
        "Metric:policy_reward_mean/player_col, Metric mode:avg": {
            "mean": 30.0,
            "raw_data": "[40.0, 40.0, 20.0, 20.0, 40.0, 40.0, 20.0, 20.0, 40.0, 40.0, 40.0, 40.0, 40.0, 20.0, 40.0, 40.0, 20.0, 40.0, 20.0, 20.0, 20.0, 40.0, 20.0, 20.0, 20.0, 40.0, 20.0, 20.0, 20.0, 40.0, 20.0, 20.0, 20.0, 40.0, 40.0, 40.0, 40.0, 40.0, 40.0, 40.0, 40.0, 20.0, 40.0, 40.0, 20.0, 20.0, 20.0, 20.0, 20.0, 40.0, 20.0, 20.0, 40.0, 20.0, 40.0, 40.0, 20.0, 40.0, 20.0, 40.0, 40.0, 20.0, 20.0, 20.0, 40.0, 40.0, 40.0, 20.0, 40.0, 20.0, 40.0, 20.0, 20.0, 20.0, 40.0, 20.0, 20.0, 40.0, 40.0, 20.0]",
            "std_err": 1.118033988749895
        },
        "Metric:policy_reward_mean/player_row, Metric mode:avg": {
            "mean": 60.0,
            "raw_data": "[40.0, 40.0, 80.0, 80.0, 40.0, 40.0, 80.0, 80.0, 40.0, 40.0, 40.0, 40.0, 40.0, 80.0, 40.0, 40.0, 80.0, 40.0, 80.0, 80.0, 80.0, 40.0, 80.0, 80.0, 80.0, 40.0, 80.0, 80.0, 80.0, 40.0, 80.0, 80.0, 80.0, 40.0, 40.0, 40.0, 40.0, 40.0, 40.0, 40.0, 40.0, 80.0, 40.0, 40.0, 80.0, 80.0, 80.0, 80.0, 80.0, 40.0, 80.0, 80.0, 40.0, 80.0, 40.0, 40.0, 80.0, 40.0, 80.0, 40.0, 40.0, 80.0, 80.0, 80.0, 40.0, 40.0, 40.0, 80.0, 40.0, 80.0, 40.0, 80.0, 80.0, 80.0, 40.0, 80.0, 80.0, 40.0, 40.0, 80.0]",
            "std_err": 2.23606797749979
        }
    }
}