{
    "cross-play: diff pref vs diff pref": {
        "Metric:policy_reward_mean/player_blue, Metric mode:avg": {
            "mean": 8.979624989900998,
            "raw_data": "[9.09630049456907, 5.397789755297592, 12.755987217804558, 11.210317369936568, 11.812047249362262, 5.005005825583516, 10.935849882401737, 9.52746206170635, 6.327727320205163, 3.9678630154782435, 10.24195562188499, 10.122095897265787, 13.002402612748876, 10.817986012450312, 9.323296921538214, 7.42197356832409, 4.378664258106015, 4.6473662795323, 10.378216939740255, 10.992779275785272, 4.338131218927271, 9.257270509300211, 11.00267136990976, 9.489471333952848, 10.33408094408172, 4.600129373045684, 11.988095365558502, 4.588241797740442, 4.121049275608292, 12.562618966677883, 13.132349757193698, 4.067153053430917, 11.26000256660909, 11.367124225565886, 11.540299127729853, 10.219466333513838, 4.783321079934857, 7.156931670271163, 9.923841795523877, 9.081203313284579, 10.288562514680448, 12.069161249601361, 3.8814951282377734, 7.831225718382064, 10.578329690873712, 8.98655788096278, 10.980045220281093, 11.411308305396446, 10.819189181851435, 10.527337171514416, 2.609108011634908, 10.620790552799455, 11.707320413901975, 10.412777756954519]",
            "std_err": 0.400055812907829
        },
        "Metric:policy_reward_mean/player_red, Metric mode:avg": {
            "mean": 7.040444641308036,
            "raw_data": "[8.09842725672805, 4.740072371589108, 9.407616834983902, 7.581279765566819, 9.674809884484707, 4.308001440284431, 9.950675030969634, 8.90893992549633, 3.9011315686914574, 4.1095535671543795, 7.6164138671141375, 6.718152822452743, 7.984820113290993, 6.910486938414184, 7.257978718692726, 6.085371089350965, 3.935674005518046, 4.300409560275464, 7.844366006692825, 7.855199551383858, 3.7838909205152436, 8.889096868742284, 8.974853346623277, 8.335782368109186, 6.7971015479725825, 4.358784983678171, 9.573823047577205, 4.1338860003622955, 3.337990285997541, 9.591581422458258, 7.951923867111559, 3.7037673090261123, 7.322850534248173, 8.422644650413226, 9.82743260073475, 7.619517423774195, 4.623239612651281, 6.957518298404811, 8.765151326797126, 8.365003096157796, 5.867622343138886, 9.378755420555533, 3.4681469808141636, 7.611964700514914, 7.561082321864152, 6.7011875234114004, 8.731810264093061, 8.286485630361211, 9.089265062788089, 7.73721894780486, 1.9823854254620514, 9.561796183155511, 7.315442119617138, 8.36562787656315]",
            "std_err": 0.28417257461235423
        }
    },
    "cross-play: same pref vs same pref": {
        "Metric:policy_reward_mean/player_blue, Metric mode:avg": {
            "mean": 10.316242295152007,
            "raw_data": "[10.424481410617249, 6.518042189395999, 10.076308975929042, 11.36669959294446, 11.650197446247848, 6.553548445223078, 7.225732149633561, 11.5885384159614, 11.723769452683538, 12.922600514616954, 11.107835584650987, 10.91661423204419, 8.69952555082731, 10.546970425816014, 15.781520736852583, 5.7107563590627635, 13.310056375641896, 12.912571316035617, 12.056800735545414, 12.84418355855101, 13.59685431041052, 13.82578625547569, 11.786851926925841, 8.967127910477462, 9.784266723375952, 13.18604656341895, 10.236304318832184, 9.048214774926656, 8.616074211821887, 9.140962627531996, 11.984941137970642, 10.827565989823727, 7.200103665200898, 10.502244501381398, 13.975692373254972, 10.571942893847208, 10.912133258618743, 11.990470330022575, 7.695444150266226, 11.912609055321617, 6.429499990689135, 9.961668326062483, 6.760446839258953, 7.504438277086691, 8.084329611393079, 6.189227651369098, 12.29952676173371, 12.215697152950248, 8.608659092616618, 6.847642426555642, 13.456548275737422, 7.516123473254471, 7.327262639536244, 10.861069109264056, 11.723474372946022, 5.931276067607143, 12.802747920702444, 10.881768123248868, 14.280894981136848, 7.510629451796054, 15.026851931779948, 9.10941385352908, 5.6585953409765315, 12.209295336844098, 11.137414964217498, 10.839099060554167]",
            "std_err": 0.31052024514374205
        },
        "Metric:policy_reward_mean/player_red, Metric mode:avg": {
            "mean": 8.12414923526326,
            "raw_data": "[5.892845081518069, 7.7021570392863925, 5.0686322368721735, 13.860827046470042, 13.412752814028934, 8.368856152758918, 5.208660181515249, 6.34694059900368, 7.224739258881384, 6.546876468206285, 11.757276784844413, 12.017387062960685, 6.750379769600453, 6.878084133756251, 15.175095882789376, 6.772101879394255, 7.482796226896169, 7.062122199040639, 6.4748794337327595, 6.215931609541128, 7.837444724146252, 6.584056147123, 7.626293406788861, 4.240789721888018, 8.994045689550818, 7.270522057287827, 9.871377726322093, 6.163006654744464, 8.529487456450497, 6.109511443159953, 6.083476756387746, 12.605568782513927, 8.467872382476484, 5.748978111327957, 7.389237088708933, 11.133158530420815, 5.8023056629902605, 6.098936872381143, 8.63053390578719, 6.173160533985707, 8.263965926305804, 5.578823759777804, 7.0695745352750965, 9.706497985642239, 10.333364122225387, 7.629177812082998, 7.427120306432904, 6.9262133436523925, 12.417402250248031, 7.885956533662415, 7.762070180958533, 9.394493107071375, 9.31837894765623, 12.678135165831758, 14.526325952534737, 7.951467603539391, 7.189151824998188, 6.434330692774289, 6.662069955940599, 7.993489396901258, 9.000686582176419, 12.099474909614809, 7.483078277823826, 5.547767010208572, 5.455294014959069, 5.880433813541978]",
            "std_err": 0.3058254850359964
        }
    }
}