{
    "cross-play: egalitarian vs egalitarian": {
        "Metric:policy_reward_mean/player_blue, Metric mode:avg": {
            "mean": 8.686633491248958,
            "raw_data": "[11.107835584650987, 8.616074211821887, 11.723474372946022, 7.516123473254471, 9.784266723375952, 7.695444150266226, 5.931276067607143, 6.760446839258953, 8.608659092616618, 6.518042189395999, 6.189227651369098, 5.6585953409765315, 10.91661423204419, 10.236304318832184, 10.861069109264056, 7.200103665200898, 6.847642426555642, 7.510629451796054, 10.827565989823727, 9.10941385352908, 11.650197446247848, 6.553548445223078, 5.7107563590627635, 7.504438277086691, 15.781520736852583, 7.327262639536244, 6.429499990689135, 8.084329611393079, 10.571942893847208, 11.36669959294446]",
            "std_err": 0.4293012112252173
        },
        "Metric:policy_reward_mean/player_red, Metric mode:avg": {
            "mean": 10.068309388749006,
            "raw_data": "[11.757276784844413, 8.529487456450497, 14.526325952534737, 9.394493107071375, 8.994045689550818, 8.63053390578719, 7.951467603539391, 7.0695745352750965, 12.417402250248031, 7.7021570392863925, 7.629177812082998, 7.483078277823826, 12.017387062960685, 9.871377726322093, 12.678135165831758, 8.467872382476484, 7.885956533662415, 7.993489396901258, 12.605568782513927, 12.099474909614809, 13.412752814028934, 8.368856152758918, 6.772101879394255, 9.706497985642239, 15.175095882789376, 9.31837894765623, 8.263965926305804, 10.333364122225387, 11.133158530420815, 13.860827046470042]",
            "std_err": 0.43383052107774356
        }
    },
    "cross-play: egalitarian vs utilitarian": {
        "Metric:policy_reward_mean/player_blue, Metric mode:avg": {
            "mean": 10.542695721527856,
            "raw_data": "[10.24195562188499, 9.081203313284579, 10.378216939740255, 9.323296921538214, 10.817986012450312, 11.210317369936568, 11.411308305396446, 11.26000256660909, 12.069161249601361, 7.156931670271163, 9.52746206170635, 11.812047249362262, 10.288562514680448, 11.988095365558502, 9.09630049456907, 12.562618966677883, 10.33408094408172, 10.980045220281093, 9.489471333952848, 11.00267136990976, 10.620790552799455, 10.992779275785272, 10.527337171514416, 10.935849882401737, 7.831225718382064, 11.540299127729853, 12.755987217804558, 10.578329690873712, 9.923841795523877]",
            "std_err": 0.23347042590758302
        },
        "Metric:policy_reward_mean/player_red, Metric mode:avg": {
            "mean": 8.288069902796497,
            "raw_data": "[7.6164138671141375, 8.365003096157796, 7.844366006692825, 7.257978718692726, 6.910486938414184, 7.581279765566819, 8.286485630361211, 7.322850534248173, 9.378755420555533, 6.957518298404811, 8.90893992549633, 9.674809884484707, 5.867622343138886, 9.573823047577205, 8.09842725672805, 9.591581422458258, 6.7971015479725825, 8.731810264093061, 8.335782368109186, 8.974853346623277, 9.561796183155511, 7.855199551383858, 7.73721894780486, 9.950675030969634, 7.611964700514914, 9.82743260073475, 9.407616834983902, 7.561082321864152, 8.765151326797126]",
            "std_err": 0.19557169586801454
        }
    },
    "cross-play: utilitarian vs egalitarian": {
        "Metric:policy_reward_mean/player_blue, Metric mode:avg": {
            "mean": 7.166462941213842,
            "raw_data": "[5.397789755297592, 10.219466333513838, 2.609108011634908, 8.98655788096278, 11.707320413901975, 13.132349757193698, 10.819189181851435, 4.600129373045684, 4.378664258106015, 4.121049275608292, 10.122095897265787, 4.6473662795323, 10.412777756954519, 4.338131218927271, 4.588241797740442, 11.367124225565886, 5.005005825583516, 3.9678630154782435, 4.067153053430917, 4.783321079934857, 6.327727320205163, 7.42197356832409, 13.002402612748876, 9.257270509300211, 3.8814951282377734]",
            "std_err": 0.6545926158648596
        },
        "Metric:policy_reward_mean/player_red, Metric mode:avg": {
            "mean": 5.59319933798142,
            "raw_data": "[4.740072371589108, 7.619517423774195, 1.9823854254620514, 6.7011875234114004, 7.315442119617138, 7.951923867111559, 9.089265062788089, 4.358784983678171, 3.935674005518046, 3.337990285997541, 6.718152822452743, 4.300409560275464, 8.36562787656315, 3.7838909205152436, 4.1338860003622955, 8.422644650413226, 4.308001440284431, 4.1095535671543795, 3.7037673090261123, 4.623239612651281, 3.9011315686914574, 6.085371089350965, 7.984820113290993, 8.889096868742284, 3.4681469808141636]",
            "std_err": 0.41145310596827966
        }
    },
    "cross-play: utilitarian vs utilitarian": {
        "Metric:policy_reward_mean/player_blue, Metric mode:avg": {
            "mean": 11.674249631737887,
            "raw_data": "[14.280894981136848, 13.456548275737422, 13.18604656341895, 11.723769452683538, 9.961668326062483, 9.140962627531996, 10.076308975929042, 10.912133258618743, 13.82578625547569, 13.975692373254972, 8.967127910477462, 12.802747920702444, 13.310056375641896, 13.59685431041052, 7.225732149633561, 10.546970425816014, 10.502244501381398, 12.84418355855101, 12.29952676173371, 12.209295336844098, 11.5885384159614, 11.912609055321617, 10.881768123248868, 9.048214774926656, 15.026851931779948, 10.839099060554167, 10.424481410617249, 11.984941137970642, 8.69952555082731, 11.137414964217498, 12.912571316035617, 12.922600514616954, 11.990470330022575, 12.215697152950248, 12.056800735545414, 11.786851926925841]",
            "std_err": 0.2887938833064254
        },
        "Metric:policy_reward_mean/player_red, Metric mode:avg": {
            "mean": 6.504015774025141,
            "raw_data": "[6.662069955940599, 7.762070180958533, 7.270522057287827, 7.224739258881384, 5.578823759777804, 6.109511443159953, 5.0686322368721735, 5.8023056629902605, 6.584056147123, 7.389237088708933, 4.240789721888018, 7.189151824998188, 7.482796226896169, 7.837444724146252, 5.208660181515249, 6.878084133756251, 5.748978111327957, 6.215931609541128, 7.427120306432904, 5.547767010208572, 6.34694059900368, 6.173160533985707, 6.434330692774289, 6.163006654744464, 9.000686582176419, 5.880433813541978, 5.892845081518069, 6.083476756387746, 6.750379769600453, 5.455294014959069, 7.062122199040639, 6.546876468206285, 6.098936872381143, 6.9262133436523925, 6.4748794337327595, 7.626293406788861]",
            "std_err": 0.15249609527256264
        }
    },
    "self-play: egalitarian vs egalitarian": {
        "Metric:policy_reward_mean/player_blue, Metric mode:avg": {
            "mean": 11.078766426096069,
            "raw_data": "[10.583049453717507, 7.922248301878719, 9.061112359164316, 7.133280687353151, 13.740808105776665, 17.714580688134966, 14.207064774224314, 16.80277454637081, 8.902799580332376, 7.136440182688827, 8.6622720074151]",
            "std_err": 1.112046572739686
        },
        "Metric:policy_reward_mean/player_red, Metric mode:avg": {
            "mean": 12.623417593623424,
            "raw_data": "[8.995557023053053, 10.825126629841607, 12.387999890481893, 10.188002213859415, 14.672791585542937, 17.47083176510238, 12.554022223734297, 17.293685035853382, 11.830828780889734, 11.012490777948399, 11.626257603550558]",
            "std_err": 0.793116429511669
        }
    },
    "self-play: utilitarian vs utilitarian": {
        "Metric:policy_reward_mean/player_blue, Metric mode:avg": {
            "mean": 12.747682165323166,
            "raw_data": "[14.490654530507763, 13.371114463076054, 14.21761059950756, 13.318887395069666, 10.99658447977246, 12.221450222227892, 14.027761344756891, 12.715335186442386, 13.982704378889943, 10.916793272624352, 12.792613886833411, 13.197836932063034, 9.470521457429738]",
            "std_err": 0.39761397972219176
        },
        "Metric:policy_reward_mean/player_red, Metric mode:avg": {
            "mean": 7.5181430003481005,